{"cameraMode":{"drawMode":0,"name":"Shaded","section":"Shading Mode"},"sceneLighting":true,"audioPlay":false,"sceneViewState":{"m_AlwaysRefresh":false,"showFog":true,"showSkybox":true,"showFlares":true,"showImageEffects":true,"showParticleSystems":true,"showVisualEffectGraphs":true,"m_FxEnabled":true},"in2DMode":false,"pivot":{"x":6.984077453613281,"y":-1.156306266784668,"z":-1.5253629684448243},"rotation":{"x":0.0064496989361941818,"y":0.9452692270278931,"z":-0.32569095492362978,"w":0.01871945522725582},"size":6.307395935058594,"orthographic":false}